{"cameraMode":{"drawMode":0,"name":"Shaded","section":"Shading Mode"},"sceneLighting":true,"audioPlay":false,"sceneViewState":{"showFog":true,"showMaterialUpdate":true,"showSkybox":true,"showFlares":true,"showImageEffects":true,"showParticleSystems":true},"in2DMode":false,"pivot":{"x":2.079878807067871,"y":3.247152805328369,"z":0.7079510688781738},"rotation":{"x":-0.13184267282485963,"y":0.03478312864899635,"z":-0.0046292878687381748,"w":-0.9906492829322815},"size":7.008837699890137,"orthographic":false}