{"cameraMode":{"drawMode":0,"name":"Shaded","section":"Shading Mode"},"sceneLighting":true,"audioPlay":false,"sceneViewState":{"showFog":true,"showMaterialUpdate":true,"showSkybox":true,"showFlares":true,"showImageEffects":true,"showParticleSystems":true},"in2DMode":false,"pivot":{"x":260.77813720703127,"y":362.3414306640625,"z":14.765594482421875},"rotation":{"x":-0.07673283666372299,"y":0.005081812385469675,"z":-0.00039115289109759033,"w":-0.9970381259918213},"size":652.4672241210938,"orthographic":false}