{"cameraMode":{"drawMode":0,"name":"Shaded","section":"Shading Mode"},"sceneLighting":true,"audioPlay":false,"sceneViewState":{"showFog":true,"showMaterialUpdate":true,"showSkybox":true,"showFlares":true,"showImageEffects":true,"showParticleSystems":true},"in2DMode":false,"pivot":{"x":269.25946044921877,"y":434.4354553222656,"z":136.6214599609375},"rotation":{"x":-0.13184267282485963,"y":0.03478312864899635,"z":-0.0046292878687381748,"w":-0.9906492829322815},"size":1178.3538818359375,"orthographic":false}